﻿{"cameraMode":{"drawMode":0,"name":"Shaded","section":"Shading Mode"},"sceneLighting":true,"audioPlay":false,"sceneViewState":{"showFog":false,"showMaterialUpdate":false,"showSkybox":false,"showFlares":false,"showImageEffects":false,"showParticleSystems":true},"in2DMode":false,"pivot":{"x":-7.14447021484375,"y":-2.9494752883911135,"z":-8.254838943481446},"rotation":{"x":-0.1589764505624771,"y":0.7051481604576111,"z":-0.16719773411750794,"w":-0.6704755425453186},"size":37.441898345947269,"orthographic":false}